id,url,file
30,https://www.mramma.tn/sites/default/files/logo-stpc-blanc.png,
29,https://www.flaticon.com/premium-icon/icons/svg/2191/2191218.svg,
28,https://image.flaticon.com/icons/svg/2345/2345470.svg,
27,https://image.flaticon.com/icons/svg/1604/1604118.svg,
26,https://www.flaticon.com/premium-icon/icons/svg/1610/1610627.svg,
25,https://image.flaticon.com/icons/svg/2344/2344521.svg,
24,https://www.flaticon.com/premium-icon/icons/svg/2398/2398108.svg,
23,https://image.flaticon.com/icons/svg/1086/1086507.svg,
22,https://image.flaticon.com/icons/svg/1728/1728918.svg,
21,https://image.flaticon.com/icons/svg/147/147269.svg,
20,,media/files/contrôle_de_gestion.svg
19,,media/files/office.svg
18,,media/files/communication.svg
17,,media/files/marketing.svg
16,,media/files/GRH.svg
15,,media/files/finance.svg
14,,media/files/fiscalité
13,,media/files/Assurance_2.svg
12,,media/files/assurance.svg
11,,media/files/stock.svg
10,https://image.flaticon.com/icons/svg/1728/1728946.svg,
9,,media/files/Client-2019-12-27_1.csv
8,http://www.mwconseil.com/upload/content/STAR.jpg,
7,http://www.mwconseil.com/upload/content/SNCFT.jpg,
6,http://www.mwconseil.com/upload/content/SAIDA.jpg,
5,http://www.mwconseil.com/upload/content/Assurances-At-Takafulia.jpg,
4,http://www.mwconseil.com/upload/content/GAT.jpg,
3,http://www.mwconseil.com/upload/content/MG.jpg,
2,http://www.mwconseil.com/upload/content/ORANGE.jpg,
1,,media/files/douane.svg
